{
  "HomePage Request" : {
    "transaction" : "HomePage Request",
    "sampleCount" : 60,
    "errorCount" : 0,
    "errorPct" : 0.0,
    "meanResTime" : 2313.483333333334,
    "medianResTime" : 2373.5,
    "minResTime" : 1563.0,
    "maxResTime" : 2759.0,
    "pct1ResTime" : 2730.8,
    "pct2ResTime" : 2746.35,
    "pct3ResTime" : 2759.0,
    "throughput" : 21.528525296017225,
    "receivedKBytesPerSec" : 29.160219321851454,
    "sentKBytesPerSec" : 2.901305166846071
  },
  "HTTP Request all cars" : {
    "transaction" : "HTTP Request all cars",
    "sampleCount" : 60,
    "errorCount" : 0,
    "errorPct" : 0.0,
    "meanResTime" : 660.2499999999999,
    "medianResTime" : 602.5,
    "minResTime" : 64.0,
    "maxResTime" : 1873.0,
    "pct1ResTime" : 1083.6999999999998,
    "pct2ResTime" : 1495.649999999999,
    "pct3ResTime" : 1873.0,
    "throughput" : 22.62443438914027,
    "receivedKBytesPerSec" : 118.0270786199095,
    "sentKBytesPerSec" : 131.70337245475113
  },
  "HTTP Request Login" : {
    "transaction" : "HTTP Request Login",
    "sampleCount" : 60,
    "errorCount" : 60,
    "errorPct" : 100.0,
    "meanResTime" : 203.7166666666666,
    "medianResTime" : 170.0,
    "minResTime" : 39.0,
    "maxResTime" : 1382.0,
    "pct1ResTime" : 337.9,
    "pct2ResTime" : 427.7,
    "pct3ResTime" : 1382.0,
    "throughput" : 32.39740820734342,
    "receivedKBytesPerSec" : 31.511541576673864,
    "sentKBytesPerSec" : 8.795390118790497
  },
  "HTTP Request Cars" : {
    "transaction" : "HTTP Request Cars",
    "sampleCount" : 60,
    "errorCount" : 60,
    "errorPct" : 100.0,
    "meanResTime" : 168.1,
    "medianResTime" : 111.5,
    "minResTime" : 32.0,
    "maxResTime" : 875.0,
    "pct1ResTime" : 352.9999999999999,
    "pct2ResTime" : 746.4499999999985,
    "pct3ResTime" : 875.0,
    "throughput" : 31.071983428275505,
    "receivedKBytesPerSec" : 27.73417270844122,
    "sentKBytesPerSec" : 12.865743138270325
  },
  "HTTP Request delete" : {
    "transaction" : "HTTP Request delete",
    "sampleCount" : 60,
    "errorCount" : 60,
    "errorPct" : 100.0,
    "meanResTime" : 150.33333333333331,
    "medianResTime" : 147.0,
    "minResTime" : 74.0,
    "maxResTime" : 299.0,
    "pct1ResTime" : 207.9,
    "pct2ResTime" : 292.44999999999993,
    "pct3ResTime" : 299.0,
    "throughput" : 22.463496817671285,
    "receivedKBytesPerSec" : 20.050425870460504,
    "sentKBytesPerSec" : 5.769433264694872
  },
  "Total" : {
    "transaction" : "Total",
    "sampleCount" : 660,
    "errorCount" : 480,
    "errorPct" : 72.72727,
    "meanResTime" : 415.6000000000003,
    "medianResTime" : 169.0,
    "minResTime" : 0.0,
    "maxResTime" : 2759.0,
    "pct1ResTime" : 1192.7999999999975,
    "pct2ResTime" : 2338.699999999998,
    "pct3ResTime" : 2729.7799999999997,
    "throughput" : 113.79310344827587,
    "receivedKBytesPerSec" : 157.1221713362069,
    "sentKBytesPerSec" : 139.0490301724138
  },
  "HTTP Request customers" : {
    "transaction" : "HTTP Request customers",
    "sampleCount" : 60,
    "errorCount" : 60,
    "errorPct" : 100.0,
    "meanResTime" : 0.0,
    "medianResTime" : 0.0,
    "minResTime" : 0.0,
    "maxResTime" : 0.0,
    "pct1ResTime" : 0.0,
    "pct2ResTime" : 0.0,
    "pct3ResTime" : 0.0,
    "throughput" : 23.183925811437405,
    "receivedKBytesPerSec" : 27.553552453632147,
    "sentKBytesPerSec" : 0.0
  },
  "HTTP Request bookings" : {
    "transaction" : "HTTP Request bookings",
    "sampleCount" : 60,
    "errorCount" : 60,
    "errorPct" : 100.0,
    "meanResTime" : 159.13333333333335,
    "medianResTime" : 114.5,
    "minResTime" : 31.0,
    "maxResTime" : 486.0,
    "pct1ResTime" : 272.49999999999994,
    "pct2ResTime" : 393.39999999999986,
    "pct3ResTime" : 486.0,
    "throughput" : 30.06012024048096,
    "receivedKBytesPerSec" : 26.74293900300601,
    "sentKBytesPerSec" : 159.89987788076152
  },
  "HTTP Request car brand for rent" : {
    "transaction" : "HTTP Request car brand for rent",
    "sampleCount" : 60,
    "errorCount" : 0,
    "errorPct" : 0.0,
    "meanResTime" : 470.3333333333334,
    "medianResTime" : 435.5,
    "minResTime" : 93.0,
    "maxResTime" : 1036.0,
    "pct1ResTime" : 706.4,
    "pct2ResTime" : 837.65,
    "pct3ResTime" : 1036.0,
    "throughput" : 20.696791997240428,
    "receivedKBytesPerSec" : 21.181873059675752,
    "sentKBytesPerSec" : 8.367648327009313
  },
  "HTTP Request Login User" : {
    "transaction" : "HTTP Request Login User",
    "sampleCount" : 60,
    "errorCount" : 60,
    "errorPct" : 100.0,
    "meanResTime" : 150.14999999999995,
    "medianResTime" : 122.5,
    "minResTime" : 65.0,
    "maxResTime" : 347.0,
    "pct1ResTime" : 199.8,
    "pct2ResTime" : 281.89999999999975,
    "pct3ResTime" : 347.0,
    "throughput" : 20.442930153321974,
    "receivedKBytesPerSec" : 19.88394378194208,
    "sentKBytesPerSec" : 5.549936115843271
  },
  "HTTP Request update" : {
    "transaction" : "HTTP Request update",
    "sampleCount" : 60,
    "errorCount" : 60,
    "errorPct" : 100.0,
    "meanResTime" : 128.35,
    "medianResTime" : 110.0,
    "minResTime" : 87.0,
    "maxResTime" : 287.0,
    "pct1ResTime" : 202.0,
    "pct2ResTime" : 209.74999999999997,
    "pct3ResTime" : 287.0,
    "throughput" : 22.288261515601782,
    "receivedKBytesPerSec" : 19.894014673105495,
    "sentKBytesPerSec" : 5.963851225854383
  },
  "HTTP Request Admin Authorization" : {
    "transaction" : "HTTP Request Admin Authorization",
    "sampleCount" : 60,
    "errorCount" : 60,
    "errorPct" : 100.0,
    "meanResTime" : 167.75,
    "medianResTime" : 105.5,
    "minResTime" : 35.0,
    "maxResTime" : 891.0,
    "pct1ResTime" : 378.5999999999999,
    "pct2ResTime" : 777.65,
    "pct3ResTime" : 891.0,
    "throughput" : 32.15434083601286,
    "receivedKBytesPerSec" : 28.700261254019292,
    "sentKBytesPerSec" : 9.012007636655948
  }
}